{
    "R": {
        "0": {
            "0": [
                31.416816438270224,
                58.980630276635665
            ],
            "1": [
                58.980630276635665,
                31.416816438270224
            ]
        },
        "1": {
            "0": [
                43.29596498932713,
                64.3528034736575
            ],
            "1": [
                64.3528034736575,
                43.29596498932713
            ]
        },
        "2": {
            "0": [
                66.31482736972487,
                15.89759733158318
            ],
            "1": [
                15.89759733158318,
                66.31482736972487
            ]
        },
        "3": {
            "0": [
                11.185119239938672,
                85.37221738868139
            ],
            "1": [
                85.37221738868139,
                11.185119239938672
            ]
        },
        "4": {
            "0": [
                33.341861289520686,
                31.089786494202674
            ],
            "1": [
                31.089786494202674,
                33.341861289520686
            ]
        },
        "5": {
            "0": [
                33.341861289520686,
                31.089786494202674
            ],
            "1": [
                31.089786494202674,
                33.341861289520686
            ]
        },
        "6": {
            "0": [
                99.60803519594165,
                52.32371567702032
            ],
            "1": [
                52.32371567702032,
                99.60803519594165
            ]
        },
        "7": {
            "0": [
                99.60803519594165,
                52.32371567702032
            ],
            "1": [
                52.32371567702032,
                99.60803519594165
            ]
        },
        "8": [
            [
                7,
                60
            ],
            [
                17,
                30
            ],
            [
                2,
                90
            ],
            [
                15,
                60
            ]
        ],
        "9": [
            [
                8,
                120
            ],
            [
                30,
                120
            ],
            [
                15,
                120
            ],
            [
                5,
                120
            ],
            [
                18,
                90
            ],
            [
                35,
                90
            ],
            [
                30,
                90
            ],
            [
                15,
                90
            ],
            [
                10,
                90
            ],
            [
                38,
                60
            ],
            [
                2,
                150
            ],
            [
                35,
                60
            ],
            [
                30,
                60
            ],
            [
                20,
                60
            ],
            [
                40,
                30
            ]
        ]
    },
    "G_list": {
        "0": {
            "0": [
                3,
                0,
                1
            ],
            "1": [
                4,
                5,
                0
            ],
            "2": [
                6,
                7,
                0
            ]
        }
    },
    "E": [
        [
            [
                9,
                8
            ],
            2
        ],
        [
            [
                9,
                7,
                1
            ],
            9
        ],
        [
            [
                7,
                4
            ],
            8
        ]
    ],
    "a": [
        [
            8.201075964018276,
            7.34053270915499,
            3.3445974440081834,
            5.893131199534843,
            8.420406230364312,
            8.147687233006897,
            2.232803715009684,
            4.5596241101284845,
            -0.5332059280667536,
            5.151871682169295
        ],
        [
            7.34053270915499,
            5.502095412244493,
            7.809996480837512,
            2.311288182680559,
            9.900886093556966,
            5.308855875864133,
            7.456710760050791,
            9.983598399133541,
            8.545569373204946,
            5.821387489897882
        ],
        [
            3.3445974440081834,
            7.809996480837512,
            3.8908316165583674,
            4.5796728221196545,
            6.3840089637877,
            2.134532081848257,
            8.600437270910215,
            2.4063705882397293,
            2.4521357190770083,
            9.346833809663595
        ],
        [
            5.893131199534843,
            2.311288182680559,
            4.5796728221196545,
            0,
            0,
            0,
            0,
            0,
            9.545253690493006,
            4.577294975402258
        ],
        [
            8.420406230364312,
            9.900886093556966,
            6.3840089637877,
            0,
            0,
            0,
            0,
            0,
            8.863256055703618,
            3.7431070877402597
        ],
        [
            8.147687233006897,
            5.308855875864133,
            2.134532081848257,
            0,
            0,
            0,
            0,
            0,
            3.1556816335340097,
            6.923423773585522
        ],
        [
            2.232803715009684,
            7.456710760050791,
            8.600437270910215,
            0,
            0,
            0,
            0,
            0,
            4.064505961304953,
            1.6139918141126248
        ],
        [
            4.5596241101284845,
            9.983598399133541,
            2.4063705882397293,
            0,
            0,
            0,
            0,
            0,
            4.720802830518203,
            2.3119554729156433
        ],
        [
            -0.5332059280667536,
            8.545569373204946,
            2.4521357190770083,
            9.545253690493006,
            8.863256055703618,
            3.1556816335340097,
            4.064505961304953,
            4.720802830518203,
            6.082775902264996,
            9.755770480934988
        ],
        [
            5.151871682169295,
            5.821387489897882,
            9.346833809663595,
            4.577294975402258,
            3.7431070877402597,
            6.923423773585522,
            1.6139918141126248,
            2.3119554729156433,
            9.755770480934988,
            4.732400226093266
        ]
    ]
}