{
    "R": {
        "0": {
            "0": [
                31.416816438270224,
                58.980630276635665
            ],
            "1": [
                58.980630276635665,
                31.416816438270224
            ]
        },
        "1": {
            "0": [
                43.29596498932713,
                64.3528034736575
            ],
            "1": [
                64.3528034736575,
                43.29596498932713
            ]
        },
        "2": {
            "0": [
                66.31482736972487,
                15.89759733158318
            ],
            "1": [
                15.89759733158318,
                66.31482736972487
            ]
        },
        "3": {
            "0": [
                11.185119239938672,
                85.37221738868139
            ],
            "1": [
                85.37221738868139,
                11.185119239938672
            ]
        },
        "4": {
            "0": [
                33.341861289520686,
                31.089786494202674
            ],
            "1": [
                31.089786494202674,
                33.341861289520686
            ]
        },
        "5": {
            "0": [
                99.60803519594165,
                52.32371567702032
            ],
            "1": [
                52.32371567702032,
                99.60803519594165
            ]
        },
        "6": {
            "0": [
                85.28153061469499,
                52.87178878294014
            ],
            "1": [
                52.87178878294014,
                85.28153061469499
            ]
        },
        "7": {
            "0": [
                67.51613264897458,
                23.555478162117154
            ],
            "1": [
                23.555478162117154,
                67.51613264897458
            ]
        },
        "8": {
            "0": [
                67.13745924566696,
                88.12407764289671
            ],
            "1": [
                88.12407764289671,
                67.13745924566696
            ]
        },
        "9": {
            "0": [
                57.08630893449712,
                76.71266705813412
            ],
            "1": [
                76.71266705813412,
                57.08630893449712
            ]
        },
        "10": {
            "0": [
                57.08630893449712,
                76.71266705813412
            ],
            "1": [
                76.71266705813412,
                57.08630893449712
            ]
        },
        "11": {
            "0": [
                70.42703278326333,
                15.762829440429758
            ],
            "1": [
                15.762829440429758,
                70.42703278326333
            ]
        },
        "12": {
            "0": [
                70.42703278326333,
                15.762829440429758
            ],
            "1": [
                15.762829440429758,
                70.42703278326333
            ]
        },
        "13": [
            [
                7,
                60
            ],
            [
                17,
                30
            ],
            [
                2,
                90
            ],
            [
                15,
                60
            ]
        ],
        "14": [
            [
                8,
                120
            ],
            [
                30,
                120
            ],
            [
                15,
                120
            ],
            [
                5,
                120
            ],
            [
                18,
                90
            ],
            [
                35,
                90
            ],
            [
                30,
                90
            ],
            [
                15,
                90
            ],
            [
                10,
                90
            ],
            [
                38,
                60
            ],
            [
                2,
                150
            ],
            [
                35,
                60
            ],
            [
                30,
                60
            ],
            [
                20,
                60
            ],
            [
                40,
                30
            ]
        ]
    },
    "G_list": {
        "0": {
            "0": [
                8,
                0,
                1
            ],
            "1": [
                9,
                10,
                0
            ],
            "2": [
                11,
                12,
                0
            ]
        }
    },
    "E": [
        [
            [
                9,
                8,
                2
            ],
            5
        ],
        [
            [
                10,
                9,
                1,
                13,
                0
            ],
            7
        ],
        [
            [
                8,
                3,
                13,
                11
            ],
            7
        ],
        [
            [
                6,
                10,
                2,
                3,
                13
            ],
            2
        ],
        [
            [
                11,
                0,
                10,
                1,
                2
            ],
            9
        ]
    ],