{
    "R": {
        "0": {
            "0": [
                31.416816438270224,
                58.980630276635665
            ],
            "1": [
                58.980630276635665,
                31.416816438270224
            ]
        },
        "1": {
            "0": [
                43.29596498932713,
                64.3528034736575
            ],
            "1": [
                64.3528034736575,
                43.29596498932713
            ]
        },
        "2": {
            "0": [
                66.31482736972487,
                15.89759733158318
            ],
            "1": [
                15.89759733158318,
                66.31482736972487
            ]
        },
        "3": {
            "0": [
                11.185119239938672,
                85.37221738868139
            ],
            "1": [
                85.37221738868139,
                11.185119239938672
            ]
        },
        "4": {
            "0": [
                33.341861289520686,
                31.089786494202674
            ],
            "1": [
                31.089786494202674,
                33.341861289520686
            ]
        },
        "5": {
            "0": [
                99.60803519594165,
                52.32371567702032
            ],
            "1": [
                52.32371567702032,
                99.60803519594165
            ]
        },
        "6": {
            "0": [
                85.28153061469499,
                52.87178878294014
            ],
            "1": [
                52.87178878294014,
                85.28153061469499
            ]
        },
        "7": {
            "0": [
                67.51613264897458,
                23.555478162117154
            ],
            "1": [
                23.555478162117154,
                67.51613264897458
            ]
        },
        "8": {
            "0": [
                67.13745924566696,
                88.12407764289671
            ],
            "1": [
                88.12407764289671,
                67.13745924566696
            ]
        },
        "9": {
            "0": [
                57.08630893449712,
                76.71266705813412
            ],
            "1": [
                76.71266705813412,
                57.08630893449712
            ]
        },
        "10": {
            "0": [
                70.42703278326333,
                15.762829440429758
            ],
            "1": [
                15.762829440429758,
                70.42703278326333
            ]
        },
        "11": {
            "0": [
                78.24072216581357,
                63.19896246381858
            ],
            "1": [
                63.19896246381858,
                78.24072216581357
            ]
        },
        "12": {
            "0": [
                37.11408935641411,
                12.7910576322775
            ],
            "1": [
                12.7910576322775,
                37.11408935641411
            ]
        },
        "13": {
            "0": [
                87.8974513281051,
                52.54741797989202
            ],
            "1": [
                52.54741797989202,
                87.8974513281051
            ]
        },
        "14": {
            "0": [
                74.69415316592227,
                89.09315202299335
            ],
            "1": [
                89.09315202299335,
                74.69415316592227
            ]
        },
        "15": {
            "0": [
                74.69415316592227,
                89.09315202299335
            ],
            "1": [
                89.09315202299335,
                74.69415316592227
            ]
        },
        "16": {
            "0": [
                74.27165352500823,
                92.8988800825487
            ],
            "1": [
                92.8988800825487,
                74.27165352500823
            ]
        },
        "17": {
            "0": [
                74.27165352500823,
                92.8988800825487
            ],
            "1": [
                92.8988800825487,
                74.27165352500823
            ]
        },
        "18": [
            [
                7,
                60
            ],
            [
                17,
                30
            ],
            [
                2,
                90
            ],
            [
                15,
                60
            ]
        ],
        "19": [
            [
                8,
                120
            ],
            [
                30,
                120
            ],
            [
                15,
                120
            ],
            [
                5,
                120
            ],
            [
                18,
                90
            ],
            [
                35,
                90
            ],
            [
                30,
                90
            ],
            [
                15,
                90
            ],
            [
                10,
                90
            ],
            [
                38,
                60
            ],
            [
                2,
                150
            ],
            [
                35,
                60
            ],
            [
                30,
                60
            ],
            [
                20,
                60
            ],
            [
                40,
                30
            ]
        ]
    },
    "G_list": {
        "0": {
            "0": [
                13,
                0,
                1
            ],
            "1": [
                14,
                15,
                0
            ],
            "2": [
                16,
                17,
                0
            ]
        }
    },
    "E": [
        [
            [
                18,
                17,
                4
            ],
            5
        ],
        [
            [
                15,
                18,
                2,
                0,
                19,
                4
            ],
            8
        ],
        [
            [
                6,
                15,
                17
            ],
            8
        ],
        [
            [
                12,
                4,
                7,
                18,
                19
            ],
            0
        ],
        [
            [
                5,
                18
            ],
            0
        ],
        [
            [
                0,
                8,
                15,
                12
            ],
            6
        ]
    ],